{
  "name": "start-kit",
  "version": "1.0.0",
  "description": "",
  "main": "index.js",
  "scripts": {
    "start": "webpack-dev-server --config webpack.dev.js",
    "build": "webpack --config webpack.prod.js"
  },
  "keywords": [],
  "author": "",
  "license": "ISC",
  "devDependencies": {
    "babel-plugin-component": "^1.1.1",
    "clean-webpack-plugin": "^0.1.19",
    "css-loader": "^0.28.11",
    "file-loader": "^1.1.11",
    "html-webpack-plugin": "^3.2.0",
    "style-loader": "^0.21.0",
    "uglifyjs-webpack-plugin": "^1.2.5",
    "vue-loader": "^15.0.1",
    "vue-style-loader": "^4.1.0",
    "vue-template-compiler": "^2.5.16",
    "webpack": "^4.8.1",
    "webpack-cli": "^2.1.3",
    "webpack-dev-server": "^3.1.4",
    "webpack-merge": "^4.1.2"
  },
  "dependencies": {
    "axios": "^0.18.0",
    "element-ui": "^2.3.9",
    "vue": "^2.5.16",
    "vue-router": "^3.0.1",
    "vuex": "^3.0.1"
  }
}
